istaigos_kodas;data;gydytojo_ID;pirminiu_vizitu_trukme_sveikatos_istaigoje_minutemis;priimtu_pacientu_pirminiams_vizitam_skaicius;pirminiu_ir_antriniu_vizitu_trukme_minutemis;viso_priimtu_pacientu_skaicius;darbo_laikas_nuo;darbo_laikas_iki;iraso_sukurimo_data
124244754;2026-09-30;10000069;360;23;370;24;07:00;13:15;2026-10-01 03:01:05
124244754;2026-09-30;10000093;330;21;460;34;07:00;13:15;2026-10-01 03:01:05
124244754;2026-09-30;10000068;360;19;420;25;13:30;20:00;2026-10-01 03:01:05
124244754;2026-09-30;10000091;405;26;455;31;07:00;13:15;2026-10-01 03:01:05
124244754;2026-09-30;10000096;270;17;300;20;15:00;19:30;2026-10-01 03:01:05
124244754;2026-09-30;10000017;450;29;520;36;12:00;20:00;2026-10-01 03:01:05
124244754;2026-09-30;10000157;150;10;170;12;08:00;11:00;2026-10-01 03:01:05
124244754;2026-09-30;10000560;345;23;385;27;13:30;20:00;2026-10-01 03:01:05
124244754;2026-09-30;10000827;360;24;400;28;07:00;13:30;2026-10-01 03:01:05
124244754;2026-09-30;10000724;330;22;370;26;13:30;19:30;2026-10-01 03:01:05
124244754;2026-09-30;10000679;345;23;385;27;13:30;20:00;2026-10-01 03:01:05
124244754;2026-09-30;10003343;330;21;370;25;13:30;20:00;2026-10-01 03:01:05
124244754;2026-09-30;10001797;315;20;355;24;07:00;13:30;2026-10-01 03:01:05
124244754;2026-09-30;10002261;420;27;460;31;07:00;13:30;2026-10-01 03:01:05
124244754;2026-09-30;10001137;360;24;410;29;12:45;20:00;2026-10-01 03:01:05
124244754;2026-09-30;10000611;390;21;440;26;07:00;15:00;2026-10-01 03:01:05
124244754;2026-09-30;10020607;240;16;260;18;14:00;18:00;2026-10-01 03:01:05
124244754;2026-09-30;10094817;420;28;520;38;07:00;15:00;2026-10-01 03:01:05
124244754;2026-09-30;10213192;360;24;400;28;07:00;13:30;2026-10-01 03:01:05
124244754;2026-09-30;10000154;405;27;465;33;13:30;20:00;2026-10-01 03:01:05
124244754;2026-09-30;10398582;420;27;480;33;13:30;20:00;2026-10-01 03:01:05
124244754;2026-09-30;10000160;405;26;465;32;07:00;15:00;2026-10-01 03:01:05
124244754;2026-09-30;10006414;390;26;440;31;07:00;13:30;2026-10-01 03:01:05
124244754;2026-09-30;10171004;315;21;355;25;09:00;14:45;2026-10-01 03:01:05
124244754;2026-09-30;10248839;360;23;400;27;13:30;20:00;2026-10-01 03:01:05
124244754;2026-09-30;10459575;510;33;550;37;07:00;15:00;2026-10-01 03:01:05
124244754;2026-09-30;10464763;345;22;395;27;13:30;20:00;2026-10-01 03:01:05
124244754;2026-09-30;10003325;330;21;370;25;07:00;13:30;2026-10-01 03:01:05
124244754;2026-09-30;10001991;375;23;415;27;07:00;13:30;2026-10-01 03:01:05
124244754;2026-09-30;10000424;345;22;385;26;13:30;20:00;2026-10-01 03:01:05
124244754;2026-09-30;10007860;315;20;355;24;13:30;20:00;2026-10-01 03:01:05
124244754;2026-09-30;10008287;330;21;380;26;07:00;13:30;2026-10-01 03:01:05
124244754;2026-09-30;10003931;360;23;400;27;07:00;13:30;2026-10-01 03:01:05
124244754;2026-09-30;10004507;345;21;385;25;13:30;20:00;2026-10-01 03:01:05
124244754;2026-09-30;10003072;330;22;370;26;08:00;14:30;2026-10-01 03:01:05
124244754;2026-09-30;10002320;195;13;215;15;15:00;18:00;2026-10-01 03:01:05
124244754;2026-09-30;10000128;330;22;380;27;13:30;20:00;2026-10-01 03:01:05
124244754;2026-09-30;10000075;360;22;410;27;13:30;20:00;2026-10-01 03:01:05
124244754;2026-09-30;10019717;420;27;470;32;07:00;15:00;2026-10-01 03:01:05
124244754;2026-09-30;10000884;375;24;425;29;13:30;20:00;2026-10-01 03:01:05
124244754;2026-09-30;10510524;465;30;505;34;08:00;16:00;2026-10-01 03:01:05
124244754;2026-09-30;10000318;420;28;470;33;13:30;20:00;2026-10-01 03:01:05
124244754;2026-09-30;10000095;330;22;380;27;07:00;13:30;2026-10-01 03:01:05
124244754;2026-09-30;10000115;330;22;380;27;13:30;20:00;2026-10-01 03:01:05
124244754;2026-09-30;10183257;405;27;455;32;07:00;13:30;2026-10-01 03:01:05
124244754;2026-09-30;10103001;330;22;370;26;13:30;20:00;2026-10-01 03:01:05
124244754;2026-09-30;10000740;360;24;400;28;07:00;13:30;2026-10-01 03:01:05
124244754;2026-09-30;10000674;315;21;365;26;13:30;20:00;2026-10-01 03:01:05
124244754;2026-09-30;10000101;315;21;355;25;07:00;13:30;2026-10-01 03:01:05
124244754;2026-09-30;10023400;375;25;425;30;13:30;20:00;2026-10-01 03:01:05
124244754;2026-09-30;10004127;75;5;85;6;07:00;13:15;2026-10-01 03:01:05
124244754;2026-09-30;10002004;375;24;425;29;13:30;20:00;2026-10-01 03:01:05
124244754;2026-09-30;10031317;390;26;430;30;07:00;13:30;2026-10-01 03:01:05
