istaigos_kodas;ataskaitinio_laikotarpio_pradzia;ataskaitinio_laikotarpio_pabaiga;gydytojo_id;prisirasiusiu_gyventoju_sk;darbo_valandu_kiekis;iraso_sukurimo_data
124244754;2026-07-01;2026-09-30;10000017;1873;528;2026-10-05 03:10:20
124244754;2026-07-01;2026-09-30;10000078;882;304;2026-10-05 03:10:20
124244754;2026-07-01;2026-09-30;10000095;991;383;2026-10-05 03:10:20
124244754;2026-07-01;2026-09-30;10000101;810;391;2026-10-05 03:10:20
124244754;2026-07-01;2026-09-30;10000111;764;210;2026-10-05 03:10:20
124244754;2026-07-01;2026-09-30;10000115;918;304;2026-10-05 03:10:20
124244754;2026-07-01;2026-09-30;10000154;1334;343;2026-10-05 03:10:20
124244754;2026-07-01;2026-09-30;10000157;700;179;2026-10-05 03:10:20
124244754;2026-07-01;2026-09-30;10000318;1655;329;2026-10-05 03:10:20
124244754;2026-07-01;2026-09-30;10000560;1327;360;2026-10-05 03:10:20
124244754;2026-07-01;2026-09-30;10000611;1921;736;2026-10-05 03:10:20
124244754;2026-07-01;2026-09-30;10000674;987;299;2026-10-05 03:10:20
124244754;2026-07-01;2026-09-30;10000679;961;422;2026-10-05 03:10:20
124244754;2026-07-01;2026-09-30;10000719;1490;376;2026-10-05 03:10:20
124244754;2026-07-01;2026-09-30;10000740;937;422;2026-10-05 03:10:20
124244754;2026-07-01;2026-09-30;10000827;1375;369;2026-10-05 03:10:20
124244754;2026-07-01;2026-09-30;10000724;700;262;2026-10-05 03:10:20
124244754;2026-07-01;2026-09-30;10001137;1009;463;2026-10-05 03:10:20
124244754;2026-07-01;2026-09-30;10002687;1884;535;2026-10-05 03:10:20
124244754;2026-07-01;2026-09-30;10225508;1496;422;2026-10-05 03:10:20
124244754;2026-07-01;2026-09-30;10020607;493;260;2026-10-05 03:10:20
124244754;2026-07-01;2026-09-30;10254140;676;277;2026-10-05 03:10:20
124244754;2026-07-01;2026-09-30;10000884;1616;422;2026-10-05 03:10:20
124244754;2026-07-01;2026-09-30;10094817;1889;649;2026-10-05 03:10:20
124244754;2026-07-01;2026-09-30;10213192;1514;361;2026-10-05 03:10:20
124244754;2026-07-01;2026-09-30;10398582;1379;422;2026-10-05 03:10:20
124244754;2026-07-01;2026-09-30;10000160;1937;528;2026-10-05 03:10:20
124244754;2026-07-01;2026-09-30;10000360;785;135;2026-10-05 03:10:20
124244754;2026-07-01;2026-09-30;10006414;1356;324;2026-10-05 03:10:20
124244754;2026-07-01;2026-09-30;10171004;1902;364;2026-10-05 03:10:20
124244754;2026-07-01;2026-09-30;10000087;1513;423;2026-10-05 03:10:20
124244754;2026-07-01;2026-09-30;10008287;1449;351;2026-10-05 03:10:20
124244754;2026-07-01;2026-09-30;10103001;1714;414;2026-10-05 03:10:20
124244754;2026-07-01;2026-09-30;10023400;1266;422;2026-10-05 03:10:20
124244754;2026-07-01;2026-09-30;10459575;1936;650;2026-10-05 03:10:20
124244754;2026-07-01;2026-09-30;10464763;1457;422;2026-10-05 03:10:20
124244754;2026-07-01;2026-09-30;10382275;1594;423;2026-10-05 03:10:20
124244754;2026-07-01;2026-09-30;10381019;1533;467;2026-10-05 03:10:20
124244754;2026-07-01;2026-09-30;10183257;1349;392;2026-10-05 03:10:20
124244754;2026-07-01;2026-09-30;10510524;1509;436;2026-10-05 03:10:20
124244754;2026-07-01;2026-09-30;10000089;1514;425;2026-10-05 03:10:20
124244754;2026-07-01;2026-09-30;10000128;1524;423;2026-10-05 03:10:20
124244754;2026-07-01;2026-09-30;10019717;1527;431;2026-10-05 03:10:20
124244754;2026-07-01;2026-09-30;10000068;1502;424;2026-10-05 03:10:20
124244754;2026-07-01;2026-09-30;10002261;1365;357;2026-10-05 03:10:20
124244754;2026-07-01;2026-09-30;10004127;1089;324;2026-10-05 03:10:20
124244754;2026-07-01;2026-09-30;10031317;912;357;2026-10-05 03:10:20
